-- ============================================================
--  EduStream AI вЂ” Full Database Setup (v2)
--  Run this entire file in phpMyAdmin в†’ SQL tab
--  Database: edustream_ai  |  MariaDB / MySQL
-- ============================================================

CREATE DATABASE IF NOT EXISTS `edustream_ai`
  CHARACTER SET utf8mb4
  COLLATE utf8mb4_unicode_ci;

USE `edustream_ai`;

-- в”Ђв”Ђв”Ђв”Ђв”Ђв”Ђв”Ђв”Ђв”Ђв”Ђв”Ђв”Ђв”Ђв”Ђв”Ђв”Ђв”Ђв”Ђв”Ђв”Ђв”Ђв”Ђв”Ђв”Ђв”Ђв”Ђв”Ђв”Ђв”Ђв”Ђв”Ђв”Ђв”Ђв”Ђв”Ђв”Ђв”Ђв”Ђв”Ђв”Ђв”Ђв”Ђв”Ђв”Ђв”Ђв”Ђв”Ђв”Ђв”Ђв”Ђв”Ђв”Ђв”Ђв”Ђв”Ђв”Ђв”Ђв”Ђв”Ђв”Ђв”Ђ
--  1. CATEGORIES
-- в”Ђв”Ђв”Ђв”Ђв”Ђв”Ђв”Ђв”Ђв”Ђв”Ђв”Ђв”Ђв”Ђв”Ђв”Ђв”Ђв”Ђв”Ђв”Ђв”Ђв”Ђв”Ђв”Ђв”Ђв”Ђв”Ђв”Ђв”Ђв”Ђв”Ђв”Ђв”Ђв”Ђв”Ђв”Ђв”Ђв”Ђв”Ђв”Ђв”Ђв”Ђв”Ђв”Ђв”Ђв”Ђв”Ђв”Ђв”Ђв”Ђв”Ђв”Ђв”Ђв”Ђв”Ђв”Ђв”Ђв”Ђв”Ђв”Ђв”Ђв”Ђ
CREATE TABLE IF NOT EXISTS `categories` (
  `id`   INT UNSIGNED NOT NULL AUTO_INCREMENT,
  `name` VARCHAR(100) NOT NULL,
  `slug` VARCHAR(100) NOT NULL,
  `icon` VARCHAR(60)  NOT NULL DEFAULT 'bi-folder',
  PRIMARY KEY (`id`),
  UNIQUE KEY `uq_slug` (`slug`)
) ENGINE=InnoDB DEFAULT CHARSET=utf8mb4 COLLATE=utf8mb4_unicode_ci;

-- в”Ђв”Ђв”Ђв”Ђв”Ђв”Ђв”Ђв”Ђв”Ђв”Ђв”Ђв”Ђв”Ђв”Ђв”Ђв”Ђв”Ђв”Ђв”Ђв”Ђв”Ђв”Ђв”Ђв”Ђв”Ђв”Ђв”Ђв”Ђв”Ђв”Ђв”Ђв”Ђв”Ђв”Ђв”Ђв”Ђв”Ђв”Ђв”Ђв”Ђв”Ђв”Ђв”Ђв”Ђв”Ђв”Ђв”Ђв”Ђв”Ђв”Ђв”Ђв”Ђв”Ђв”Ђв”Ђв”Ђв”Ђв”Ђв”Ђв”Ђв”Ђ
--  2. RESOURCES
-- в”Ђв”Ђв”Ђв”Ђв”Ђв”Ђв”Ђв”Ђв”Ђв”Ђв”Ђв”Ђв”Ђв”Ђв”Ђв”Ђв”Ђв”Ђв”Ђв”Ђв”Ђв”Ђв”Ђв”Ђв”Ђв”Ђв”Ђв”Ђв”Ђв”Ђв”Ђв”Ђв”Ђв”Ђв”Ђв”Ђв”Ђв”Ђв”Ђв”Ђв”Ђв”Ђв”Ђв”Ђв”Ђв”Ђв”Ђв”Ђв”Ђв”Ђв”Ђв”Ђв”Ђв”Ђв”Ђв”Ђв”Ђв”Ђв”Ђв”Ђв”Ђ
CREATE TABLE IF NOT EXISTS `resources` (
  `id`               INT UNSIGNED  NOT NULL AUTO_INCREMENT,
  `category_id`      INT UNSIGNED  NOT NULL,
  `title`            VARCHAR(255)  NOT NULL,
  `url`              VARCHAR(2048) NOT NULL,
  `description`      TEXT,
  `difficulty_level` ENUM('Beginner','Intermediate','Advanced') NOT NULL DEFAULT 'Beginner',
  `resource_type`    ENUM('Article','Video','Course','Book','Tool') NOT NULL DEFAULT 'Article',
  `author`           VARCHAR(150),
  `tags`             VARCHAR(500),
  `created_at`       TIMESTAMP NOT NULL DEFAULT CURRENT_TIMESTAMP,
  PRIMARY KEY (`id`),
  KEY `idx_category` (`category_id`),
  CONSTRAINT `fk_res_cat`
    FOREIGN KEY (`category_id`) REFERENCES `categories` (`id`)
    ON DELETE CASCADE ON UPDATE CASCADE
) ENGINE=InnoDB DEFAULT CHARSET=utf8mb4 COLLATE=utf8mb4_unicode_ci;

-- в”Ђв”Ђв”Ђв”Ђв”Ђв”Ђв”Ђв”Ђв”Ђв”Ђв”Ђв”Ђв”Ђв”Ђв”Ђв”Ђв”Ђв”Ђв”Ђв”Ђв”Ђв”Ђв”Ђв”Ђв”Ђв”Ђв”Ђв”Ђв”Ђв”Ђв”Ђв”Ђв”Ђв”Ђв”Ђв”Ђв”Ђв”Ђв”Ђв”Ђв”Ђв”Ђв”Ђв”Ђв”Ђв”Ђв”Ђв”Ђв”Ђв”Ђв”Ђв”Ђв”Ђв”Ђв”Ђв”Ђв”Ђв”Ђв”Ђв”Ђв”Ђ
--  3. USERS
-- в”Ђв”Ђв”Ђв”Ђв”Ђв”Ђв”Ђв”Ђв”Ђв”Ђв”Ђв”Ђв”Ђв”Ђв”Ђв”Ђв”Ђв”Ђв”Ђв”Ђв”Ђв”Ђв”Ђв”Ђв”Ђв”Ђв”Ђв”Ђв”Ђв”Ђв”Ђв”Ђв”Ђв”Ђв”Ђв”Ђв”Ђв”Ђв”Ђв”Ђв”Ђв”Ђв”Ђв”Ђв”Ђв”Ђв”Ђв”Ђв”Ђв”Ђв”Ђв”Ђв”Ђв”Ђв”Ђв”Ђв”Ђв”Ђв”Ђв”Ђв”Ђ
CREATE TABLE IF NOT EXISTS `users` (
  `id`                   INT UNSIGNED NOT NULL AUTO_INCREMENT,
  `username`             VARCHAR(80)  NOT NULL,
  `email`                VARCHAR(180) NOT NULL,
  `password_hash`        VARCHAR(255) NOT NULL,
  `preferred_difficulty` ENUM('Beginner','Intermediate','Advanced') DEFAULT 'Beginner',
  `created_at`           TIMESTAMP NOT NULL DEFAULT CURRENT_TIMESTAMP,
  PRIMARY KEY (`id`),
  UNIQUE KEY `uq_username` (`username`),
  UNIQUE KEY `uq_email`    (`email`)
) ENGINE=InnoDB DEFAULT CHARSET=utf8mb4 COLLATE=utf8mb4_unicode_ci;

-- в”Ђв”Ђв”Ђв”Ђв”Ђв”Ђв”Ђв”Ђв”Ђв”Ђв”Ђв”Ђв”Ђв”Ђв”Ђв”Ђв”Ђв”Ђв”Ђв”Ђв”Ђв”Ђв”Ђв”Ђв”Ђв”Ђв”Ђв”Ђв”Ђв”Ђв”Ђв”Ђв”Ђв”Ђв”Ђв”Ђв”Ђв”Ђв”Ђв”Ђв”Ђв”Ђв”Ђв”Ђв”Ђв”Ђв”Ђв”Ђв”Ђв”Ђв”Ђв”Ђв”Ђв”Ђв”Ђв”Ђв”Ђв”Ђв”Ђв”Ђв”Ђ
--  4. USER_PROGRESS
-- в”Ђв”Ђв”Ђв”Ђв”Ђв”Ђв”Ђв”Ђв”Ђв”Ђв”Ђв”Ђв”Ђв”Ђв”Ђв”Ђв”Ђв”Ђв”Ђв”Ђв”Ђв”Ђв”Ђв”Ђв”Ђв”Ђв”Ђв”Ђв”Ђв”Ђв”Ђв”Ђв”Ђв”Ђв”Ђв”Ђв”Ђв”Ђв”Ђв”Ђв”Ђв”Ђв”Ђв”Ђв”Ђв”Ђв”Ђв”Ђв”Ђв”Ђв”Ђв”Ђв”Ђв”Ђв”Ђв”Ђв”Ђв”Ђв”Ђв”Ђв”Ђ
CREATE TABLE IF NOT EXISTS `user_progress` (
  `id`          INT UNSIGNED NOT NULL AUTO_INCREMENT,
  `user_id`     INT UNSIGNED NOT NULL,
  `resource_id` INT UNSIGNED NOT NULL,
  `status`      ENUM('Saved','In Progress','Completed') NOT NULL DEFAULT 'Saved',
  `updated_at`  TIMESTAMP NOT NULL DEFAULT CURRENT_TIMESTAMP
                          ON UPDATE CURRENT_TIMESTAMP,
  PRIMARY KEY (`id`),
  UNIQUE KEY `uq_user_resource` (`user_id`, `resource_id`),
  CONSTRAINT `fk_prog_user`
    FOREIGN KEY (`user_id`)     REFERENCES `users`     (`id`) ON DELETE CASCADE ON UPDATE CASCADE,
  CONSTRAINT `fk_prog_res`
    FOREIGN KEY (`resource_id`) REFERENCES `resources` (`id`) ON DELETE CASCADE ON UPDATE CASCADE
) ENGINE=InnoDB DEFAULT CHARSET=utf8mb4 COLLATE=utf8mb4_unicode_ci;

-- в”Ђв”Ђв”Ђв”Ђв”Ђв”Ђв”Ђв”Ђв”Ђв”Ђв”Ђв”Ђв”Ђв”Ђв”Ђв”Ђв”Ђв”Ђв”Ђв”Ђв”Ђв”Ђв”Ђв”Ђв”Ђв”Ђв”Ђв”Ђв”Ђв”Ђв”Ђв”Ђв”Ђв”Ђв”Ђв”Ђв”Ђв”Ђв”Ђв”Ђв”Ђв”Ђв”Ђв”Ђв”Ђв”Ђв”Ђв”Ђв”Ђв”Ђв”Ђв”Ђв”Ђв”Ђв”Ђв”Ђв”Ђв”Ђв”Ђв”Ђв”Ђ
--  5. FEEDBACK
-- в”Ђв”Ђв”Ђв”Ђв”Ђв”Ђв”Ђв”Ђв”Ђв”Ђв”Ђв”Ђв”Ђв”Ђв”Ђв”Ђв”Ђв”Ђв”Ђв”Ђв”Ђв”Ђв”Ђв”Ђв”Ђв”Ђв”Ђв”Ђв”Ђв”Ђв”Ђв”Ђв”Ђв”Ђв”Ђв”Ђв”Ђв”Ђв”Ђв”Ђв”Ђв”Ђв”Ђв”Ђв”Ђв”Ђв”Ђв”Ђв”Ђв”Ђв”Ђв”Ђв”Ђв”Ђв”Ђв”Ђв”Ђв”Ђв”Ђв”Ђв”Ђ
CREATE TABLE IF NOT EXISTS `feedback` (
  `id`                INT UNSIGNED     NOT NULL AUTO_INCREMENT,
  `user_id`           INT UNSIGNED     NOT NULL,
  `resource_id`       INT UNSIGNED     NOT NULL,
  `content_relevance` TINYINT UNSIGNED NOT NULL CHECK (`content_relevance` BETWEEN 1 AND 5),
  `tag_relevance`     TINYINT UNSIGNED NOT NULL CHECK (`tag_relevance`     BETWEEN 1 AND 5),
  `comment`           TEXT,
  `created_at`        TIMESTAMP NOT NULL DEFAULT CURRENT_TIMESTAMP,
  PRIMARY KEY (`id`),
  UNIQUE KEY `uq_fb_user_res` (`user_id`, `resource_id`),
  CONSTRAINT `fk_fb_user`
    FOREIGN KEY (`user_id`)     REFERENCES `users`     (`id`) ON DELETE CASCADE ON UPDATE CASCADE,
  CONSTRAINT `fk_fb_res`
    FOREIGN KEY (`resource_id`) REFERENCES `resources` (`id`) ON DELETE CASCADE ON UPDATE CASCADE
) ENGINE=InnoDB DEFAULT CHARSET=utf8mb4 COLLATE=utf8mb4_unicode_ci;


-- ============================================================
--  SEED DATA
-- ============================================================

-- в”Ђв”Ђ Categories в”Ђв”Ђв”Ђв”Ђв”Ђв”Ђв”Ђв”Ђв”Ђв”Ђв”Ђв”Ђв”Ђв”Ђв”Ђв”Ђв”Ђв”Ђв”Ђв”Ђв”Ђв”Ђв”Ђв”Ђв”Ђв”Ђв”Ђв”Ђв”Ђв”Ђв”Ђв”Ђв”Ђв”Ђв”Ђв”Ђв”Ђв”Ђв”Ђв”Ђв”Ђв”Ђв”Ђв”Ђв”Ђв”Ђв”Ђ
INSERT INTO `categories` (`id`, `name`, `slug`, `icon`) VALUES
  (1, 'Web Development',          'web-development',          'bi-code-slash'),
  (2, 'Artificial Intelligence',  'artificial-intelligence',  'bi-cpu-fill'),
  (3, 'Analysis of Algorithms',   'analysis-of-algorithms',   'bi-graph-up'),
  (4, 'Cybersecurity',            'cybersecurity',            'bi-shield-lock-fill');

-- в”Ђв”Ђ Users в”Ђв”Ђв”Ђв”Ђв”Ђв”Ђв”Ђв”Ђв”Ђв”Ђв”Ђв”Ђв”Ђв”Ђв”Ђв”Ђв”Ђв”Ђв”Ђв”Ђв”Ђв”Ђв”Ђв”Ђв”Ђв”Ђв”Ђв”Ђв”Ђв”Ђв”Ђв”Ђв”Ђв”Ђв”Ђв”Ђв”Ђв”Ђв”Ђв”Ђв”Ђв”Ђв”Ђв”Ђв”Ђв”Ђв”Ђв”Ђв”Ђв”Ђв”Ђв”Ђ
-- Passwords are BCrypt hashed. Plain-text values:
--   demo_user  в†’ demo1234
--   Aaryesh    в†’ 01122006
--   Rishi      в†’ 18112006
INSERT INTO `users` (`id`, `username`, `email`, `password_hash`, `preferred_difficulty`) VALUES
  (1, 'demo_user', 'demo@edustream.ai',
   '$2y$10$92IXUNpkjO0rOQ5byMi.Ye4oKoEa3Ro9llC/.og/at2.uheWG/igi',
   'Intermediate'),
  (2, 'Aaryesh', 'aaryesh@edustream.ai',
   '$2y$10$TKh8H1.PfQx37YgCzwiKb.KjNyWgaHb9cbcoQgdIVFlYg7XZgYKHW',
   'Advanced'),
  (3, 'Rishi', 'rishi@edustream.ai',
   '$2y$10$sKGHr/GalMzCwj0H2R8aQOHXiXhqkJHpFChR/Hm5iU/qoN5Nvq43i',
   'Intermediate');

-- NOTE: The BCrypt hashes above are pre-generated for the exact passwords.
-- If they don't verify, re-generate them by running this PHP snippet once:
--   echo password_hash('01122006', PASSWORD_BCRYPT);   // Aaryesh
--   echo password_hash('18112006', PASSWORD_BCRYPT);   // Rishi
-- Then UPDATE users SET password_hash='<new_hash>' WHERE username='Aaryesh';


-- в”Ђв”Ђ Resources вЂ” Web Development в”Ђв”Ђв”Ђв”Ђв”Ђв”Ђв”Ђв”Ђв”Ђв”Ђв”Ђв”Ђв”Ђв”Ђв”Ђв”Ђв”Ђв”Ђв”Ђв”Ђв”Ђв”Ђв”Ђв”Ђв”Ђв”Ђв”Ђв”Ђв”Ђв”Ђ
INSERT INTO `resources`
  (`id`,`category_id`,`title`,`url`,`description`,`difficulty_level`,`resource_type`,`author`,`tags`)
VALUES
(1, 1,
 'The Modern JavaScript Tutorial',
 'https://javascript.info',
 'A comprehensive, up-to-date guide that takes you from JavaScript basics all the way through advanced topics like closures, prototypes, async/await, and the DOM API. Highly regarded in the dev community.',
 'Beginner', 'Course', 'Ilya Kantor',
 'JavaScript, ES6, DOM, Async, Closures, Beginner, Web'),

(2, 1,
 'React вЂ“ Official Documentation',
 'https://react.dev',
 'The canonical resource for mastering React. Covers components, hooks, state management, concurrent features, and the new React 19 server components вЂ” all with live interactive sandboxes.',
 'Intermediate', 'Article', 'Meta Open Source',
 'React, JSX, Hooks, useState, useEffect, Components, JavaScript, Frontend'),

(3, 1,
 'Full-Stack Open 2024 вЂ” University of Helsinki',
 'https://fullstackopen.com',
 'A rigorous, free course covering the full modern web stack: React, Node.js, Express, MongoDB, GraphQL, TypeScript, and CI/CD pipelines. Used by thousands of developers worldwide each year.',
 'Advanced', 'Course', 'University of Helsinki',
 'React, Node.js, Express, MongoDB, GraphQL, TypeScript, Full-Stack, JavaScript, REST');

-- в”Ђв”Ђ Resources вЂ” Artificial Intelligence в”Ђв”Ђв”Ђв”Ђв”Ђв”Ђв”Ђв”Ђв”Ђв”Ђв”Ђв”Ђв”Ђв”Ђв”Ђв”Ђв”Ђв”Ђв”Ђв”Ђв”Ђв”Ђ
INSERT INTO `resources`
  (`id`,`category_id`,`title`,`url`,`description`,`difficulty_level`,`resource_type`,`author`,`tags`)
VALUES
(4, 2,
 'Fast.ai вЂ“ Practical Deep Learning for Coders',
 'https://course.fast.ai',
 'A top-down, code-first approach to deep learning using PyTorch. Covers image recognition, NLP transfer learning, tabular models, and generative AI вЂ” deliberately avoiding heavy math up front.',
 'Intermediate', 'Course', 'Jeremy Howard & Rachel Thomas',
 'Python, PyTorch, Deep Learning, Neural Networks, NLP, Image Recognition, AI, Beginner-Friendly'),

(5, 2,
 'Neural Networks: Zero to Hero вЂ” Andrej Karpathy',
 'https://karpathy.ai/zero-to-hero.html',
 'A celebrated YouTube lecture series by former Tesla AI director Andrej Karpathy. Builds GPT-style transformer language models entirely from scratch in pure Python, with zero shortcuts.',
 'Advanced', 'Video', 'Andrej Karpathy',
 'Python, Neural Networks, GPT, Backpropagation, Transformers, LLM, AI, Deep Learning'),

(6, 2,
 'Elements of AI вЂ” University of Helsinki & Reaktor',
 'https://www.elementsofai.com',
 'A free, beginner-friendly online course introducing the core concepts of AI: machine learning, neural networks, probability, and the societal implications of intelligent systems. No coding required.',
 'Beginner', 'Course', 'University of Helsinki & Reaktor',
 'AI, Machine Learning, Neural Networks, Beginner, Ethics, No-Code, Python');

-- в”Ђв”Ђ Resources вЂ” Analysis of Algorithms в”Ђв”Ђв”Ђв”Ђв”Ђв”Ђв”Ђв”Ђв”Ђв”Ђв”Ђв”Ђв”Ђв”Ђв”Ђв”Ђв”Ђв”Ђв”Ђв”Ђв”Ђв”Ђв”Ђ
INSERT INTO `resources`
  (`id`,`category_id`,`title`,`url`,`description`,`difficulty_level`,`resource_type`,`author`,`tags`)
VALUES
(7, 3,
 'Introduction to Algorithms (CLRS) вЂ” MIT OpenCourseWare',
 'https://ocw.mit.edu/courses/6-046j-design-and-analysis-of-algorithms-spring-2015/',
 'The gold-standard MIT course based on the legendary CLRS textbook. Covers sorting, dynamic programming, graph algorithms, NP-completeness, and randomized algorithms with full lecture videos and problem sets.',
 'Advanced', 'Course', 'Erik Demaine & Srini Devadas (MIT)',
 'Algorithms, Big-O, Dynamic Programming, Graph Algorithms, Sorting, NP-Completeness, MIT, CLRS'),

(8, 3,
 'Algorithms Specialization вЂ” Stanford (Coursera)',
 'https://www.coursera.org/specializations/algorithms',
 'A four-course specialization by Stanford professor Tim Roughgarden covering divide-and-conquer, graph search, greedy algorithms, shortest paths, NP-completeness, and approximation algorithms.',
 'Intermediate', 'Course', 'Tim Roughgarden (Stanford)',
 'Algorithms, Divide-and-Conquer, Graph Search, Greedy, Shortest Path, Big-O, Coursera, Python'),

(9, 3,
 'Visualgo вЂ” Algorithm Visualizations',
 'https://visualgo.net',
 'An interactive visual platform for learning data structures and algorithms step-by-step. Covers sorting algorithms, BSTs, heaps, graph traversals, and dynamic programming with animated breakdowns.',
 'Beginner', 'Tool', 'Steven Halim (NUS)',
 'Algorithms, Data Structures, Sorting, BST, Heap, Graph Traversal, Dynamic Programming, Visual, Beginner');

-- в”Ђв”Ђ Resources вЂ” Cybersecurity в”Ђв”Ђв”Ђв”Ђв”Ђв”Ђв”Ђв”Ђв”Ђв”Ђв”Ђв”Ђв”Ђв”Ђв”Ђв”Ђв”Ђв”Ђв”Ђв”Ђв”Ђв”Ђв”Ђв”Ђв”Ђв”Ђв”Ђв”Ђв”Ђв”Ђв”Ђв”Ђв”Ђ
INSERT INTO `resources`
  (`id`,`category_id`,`title`,`url`,`description`,`difficulty_level`,`resource_type`,`author`,`tags`)
VALUES
(10, 4,
 'CS50 Cybersecurity вЂ” Harvard',
 'https://cs50.harvard.edu/cybersecurity/',
 'Harvard\'s free cybersecurity course covering passwords, web security, phishing, encryption, two-factor authentication, and how to protect personal and professional digital environments.',
 'Beginner', 'Course', 'David J. Malan (Harvard)',
 'Cybersecurity, Encryption, Passwords, Web Security, Phishing, 2FA, Harvard, Beginner, Privacy'),

(11, 4,
 'TryHackMe вЂ” Learning Paths',
 'https://tryhackme.com/paths',
 'A hands-on, browser-based cybersecurity training platform with guided learning paths covering ethical hacking, penetration testing, network security, OWASP Top 10, and CTF challenges.',
 'Intermediate', 'Tool', 'TryHackMe',
 'Ethical Hacking, Penetration Testing, CTF, OWASP, Network Security, Linux, Kali, Hands-On'),

(12, 4,
 'The Web Application Hacker\'s Handbook (OWASP Guide)',
 'https://owasp.org/www-project-web-security-testing-guide/',
 'The definitive OWASP Web Security Testing Guide covering SQL injection, XSS, CSRF, broken authentication, and all critical web vulnerabilities. Used by professional penetration testers worldwide.',
 'Advanced', 'Book', 'OWASP Foundation',
 'OWASP, SQL Injection, XSS, CSRF, Web Security, Penetration Testing, Vulnerabilities, Advanced');


-- ============================================================
--  Quick verification query (optional вЂ” run separately)
-- ============================================================
-- SELECT c.name AS category, COUNT(r.id) AS resources
-- FROM categories c LEFT JOIN resources r ON r.category_id = c.id
-- GROUP BY c.id;
